ModelIndex,ModelName,HyperGridIndex,HyperParams,TrainingTime (s),TestTime (s),Accuracy at 10%,Precision at 10%,Recall at 10%,F1 at 10%,Roc_Auc at 10%
3.0,Bagging,0.0,"{'n_estimators': 500, 'max_samples': 0.1, 'max_features': 30}",1.1329758167266846,0.08175015449523926,0.3654708520179372,1.0,0.1354378818737271,0.23856502242152464,0.6642686331495
3.0,Bagging,0.0,"{'n_estimators': 500, 'max_samples': 0.1, 'max_features': 30}",1.5738213062286377,0.08673715591430664,0.3695652173913043,0.9921875,0.13539445628997868,0.23827392120075044,0.6949756320438624
3.0,Bagging,0.0,"{'n_estimators': 500, 'max_samples': 0.1, 'max_features': 30}",1.6406118869781494,0.08876156806945801,0.34207525655644244,0.9714285714285714,0.1288855193328279,0.2275769745649264,0.6951103674849459
3.0,Bagging,0.0,"{'n_estimators': 500, 'max_samples': 0.1, 'max_features': 30}",1.940806865692139,0.10375618934631348,0.3622950819672131,0.9877049180327868,0.1343366778149387,0.23650637880274775,0.6992041755973644
3.0,Bagging,0.0,"{'n_estimators': 500, 'max_samples': 0.1, 'max_features': 30}",2.6917662620544434,0.12469720840454102,0.36912225705329155,0.9647058823529412,0.13318895506226314,0.23406279733587057,0.6840830635840369
