ModelIndex,ModelName,HyperGridIndex,HyperParams,TrainingTime (s),TestTime (s),Accuracy at 10%,Precision at 10%,Recall at 10%,F1 at 10%,Roc_Auc at 10%
2.0,Random Forest,0.0,"{'n_estimators': 100, 'max_depth': 10, 'max_features': 15}",0.270233154296875,0.10291719436645508,0.3639760837070254,0.9924812030075189,0.13441955193482688,0.2367713004484305,0.6828660266825328
2.0,Random Forest,0.0,"{'n_estimators': 100, 'max_depth': 10, 'max_features': 15}",0.2742886543273926,0.10387754440307616,0.37111801242236025,1.0,0.13646055437100213,0.2401500938086304,0.7057112397197685
2.0,Random Forest,0.0,"{'n_estimators': 100, 'max_depth': 10, 'max_features': 15}",0.2822849750518799,0.10468268394470216,0.34207525655644244,0.9714285714285714,0.1288855193328279,0.2275769745649264,0.6999660139604194
2.0,Random Forest,0.0,"{'n_estimators': 100, 'max_depth': 10, 'max_features': 15}",0.2812139987945557,0.10372400283813477,0.36311475409836064,0.9918032786885246,0.13489409141583056,0.23748773307163884,0.7138962520406861
2.0,Random Forest,0.0,"{'n_estimators': 100, 'max_depth': 10, 'max_features': 15}",0.42981791496276855,0.10472464561462402,0.3730407523510972,0.984313725490196,0.13589604764482946,0.23882017126546146,0.6914786101287501
