ModelIndex,ModelName,HyperGridIndex,HyperParams,TrainingTime (s),TestTime (s),Accuracy at 5%,Accuracy at 10%,Precision at 5%,Precision at 10%,Recall at 5%,Recall at 10%,F1 at 5%,F1 at 10%,Roc_Auc at 5%,Roc_Auc at 10%
0,Logistic Regression,32,"{'penalty': 'l2', 'C': 0.01, 'solver': 'liblinear'}",0.031699180603027344,0.0,0.3153961136023916,0.3624813153961136,1.0,0.9849624060150376,0.06720977596741344,0.1334012219959267,0.12595419847328243,0.23497757847533632,0.609551992036431,0.609551992036431
0,Logistic Regression,33,"{'penalty': 'l2', 'C': 0.01, 'solver': 'lbfgs'}",0.014544010162353516,0.0,0.3153961136023916,0.3639760837070254,1.0,0.9924812030075187,0.06720977596741344,0.13441955193482688,0.12595419847328243,0.2367713004484305,0.6105388567244101,0.6105388567244101
0,Logistic Regression,34,"{'penalty': 'l2', 'C': 0.01, 'solver': 'newton-cg'}",0.04639434814453125,0.001009225845336914,0.3153961136023916,0.3639760837070254,1.0,0.9924812030075187,0.06720977596741344,0.13441955193482688,0.12595419847328243,0.2367713004484305,0.6105417172017666,0.6105417172017666
0,Logistic Regression,35,"{'penalty': 'l2', 'C': 0.01, 'solver': 'sag'}",0.25861144065856934,0.00099945068359375,0.3153961136023916,0.3639760837070254,1.0,0.9924812030075187,0.06720977596741344,0.13441955193482688,0.12595419847328243,0.2367713004484305,0.6105274148149843,0.6105274148149843
